기준년월,	HSK품목코드,	수출입구분코드,	수산물수출입품목명,	수출입구분명,	당월 수출입중량,	당월 수출입미화금액,	당해 누계 수출입중량,	당해 누계 수출입미화금액,	데이터기준일자	
'202002','0106903010','E','갯지렁이','수출','29','1349','29','1349','20200229'
'202002','0301992000','E','방어(활어)','수출','28','726','84','1917','20200229'
'202002','0301994090','E','돔(기타)','수출','292','5102','715','13449','20200229'
'202002','0301995000','E','붕장어(활어)','수출','129006','1263203','280369','2856721','20200229'
'202002','0301998000','E','넙치(활어)','수출','215523','2593685','443810','5425633','20200229'
'202002','0301999010','E','능성어(활어)','수출','492','4883','536','6238','20200229'
'202002','0301999020','E','복어(활어)','수출','1376','32957','3516','93818','20200229'
'202002','0301999040','E','볼락(적어포함/활어)','수출','3287','47029','7587','118996','20200229'
'202002','0301999060','E','숭어(활어)','수출','2183','32318','4529','66313','20200229'
'202002','0301999070','E','미꾸라지(활어)','수출','47','1069','104','2369','20200229'
'202002','0301999091','E','노래미(활어)','수출','0','0','810','960','20200229'
'202002','0301999095','E','민어(활어)','수출','0','0','1000','6245','20200229'
'202002','0301999099','E','기타어류(활어)','수출','741','20756','5699','59511','20200229'
'202002','0302140000','E','대서양 연어(신선 또는 냉장)(살모 살라) 및 다뉴브 연어(후코 후코)','수출','1071','22951','2172','49026','20200229'
'202002','0302210000','E','넙치(간장/ 어란제외/신선/ 냉장/피레트/ 어육제외)','수출','16103','203910','41514','456406','20200229'
'202002','0302230000','E','서대 솔레아종(신선/냉장)','수출','0','0','10','173','20200229'
'202002','0302240000','E','터벗(신선 또는 냉장)(프세타 맥시마)','수출','1598','38963','3110','76518','20200229'
'202002','0302290000','E','기타 넙치류(간장/ 어란제외/신선/ 냉장/피레트/ 어육제외)','수출','2519','10705','32939','75573','20200229'
'202002','0302340000','E','눈다랑어(터너스오베서스/신선/냉장)','수출','0','0','493','4190','20200229'
'202002','0302390000','E','기타(신선/냉장)','수출','117','471','1020','2552','20200229'
'202002','0302410000','E','청어(신선 또는 냉장)(클루페아 하렌구스/클루페아 팔라시)','수출','0','0','72476','46266','20200229'
'202002','0302420000','E','멸치(신선 또는 냉장)(엔그라울리스종)','수출','0','0','53','291','20200229'
'202002','0302491000','E','삼치[스콤버로모러스(Scomberomorus)종]','수출','831','6721','1910','16156','20200229'
'202002','0302492000','E','병어[팜푸스(Pampus)종]','수출','160','4062','340','9157','20200229'
'202002','0302499000','E','기타','수출','129','5037','129','5037','20200229'
'202002','0302510000','E','대구(신선 또는 냉장)(가두스 모르화/가두스 오각/가두스 마크로세팔루스)','수출','390','3187','390','3187','20200229'
'202002','0302550000','E','명태(신선 또는 냉장)(테라그라 찰코그라마)','수출','1598','3205','1598','3205','20200229'
'202002','0302820000','E','가오리와 홍어(라지대과)(신선 또는 냉장)','수출','14','237','37','727','20200229'
'202002','0302850000','E','돔(신선 또는 냉장)(스파리대과)','수출','11','295','380','3288','20200229'
'202002','0302891000','E','방어(신선 또는 냉장)','수출','98853','287293','135042','371952','20200229'
'202002','0302892000','E','갈치(신선 또는 냉장)','수출','61','2222','94','3427','20200229'
'202002','0302893000','E','붕장어(신선 또는 냉장)','수출','29','1809','70','4662','20200229'
'202002','0302895000','E','꽁치(신선 또는 냉장)(학꽁치를 포함한다)','수출','2107','21710','9808','72511','20200229'
'202002','0302896000','E','돔(신선 또는 냉장)(스파리대과를 제외한다)','수출','74','2868','1071','9441','20200229'
'202002','0302899020','E','복어(신선 또는 냉장)','수출','1368','33402','3135','78912','20200229'
'202002','0302899040','E','아귀(신선 또는 냉장)','수출','48240','168053','168212','552355','20200229'
'202002','0302899090','E','기타(신선 또는 냉장)(삼치/복어/병어/아귀 외 기타)','수출','97038','1758117','170220','3453284','20200229'
'202002','0302912000','E','어란(魚卵)ㆍ어백(魚白)','수출','12','141','37','708','20200229'
'202002','0303120000','E','그 밖의 태평양 연어(옹코링쿠스 고르부스카/옹코링쿠스 케타/옹코링쿠스 차비차/옹코링쿠스 키수츠/옹코링쿠스 마소/옹코링쿠스 로두루스)','수출','715081','1414881','979459','2044591','20200229'
'202002','0303140000','E','송어(살모 트루타/옹코링쿠스-미키스/클라키/아구아보니타/길래/아파케/크리소가스터)','수출','1860','1891','1860','1891','20200229'
'202002','0303190000','E','연어(기타)','수출','0','0','2268','5219','20200229'
'202002','0303260000','E','뱀장어(냉동)(앵귈라종)','수출','260','11718','510','23590','20200229'
'202002','0303290000','E','연어(송어/ 대서양연어 등 이외 기타/냉동/피레트/ 어육제외)','수출','79','2553','237','8576','20200229'
'202002','0303310000','E','넙치[레인하드티우스 히포글러소이데스/히포글러서스 히포글러서스/히포글러서스 스테노레피스)','수출','24272','155096','26055','161504','20200229'
'202002','0303320000','E','가자미(플루로넥테스 플라테사)','수출','1463','15596','3683','44938','20200229'
'202002','0303330000','E','서대(간장/ 어란제외/냉동/피레트/ 어육제외)','수출','11','423','71','33299','20200229'
'202002','0303390000','E','넙치류(간장/ 어란제외/냉동/피레트/ 어육제외)','수출','272076','1026155','462235','1469925','20200229'
'202002','0303410000','E','날개다랑어 또는 긴지느러미다랑어(터너스알라룽가/냉동)','수출','112065','366260','193246','626305','20200229'
'202002','0303420000','E','황다랑어(터너스 알바카레스/냉동)','수출','883040','1888428','2621261','4796631','20200229'
'202002','0303430000','E','가다랑어 또는 줄무늬버니토우(냉동)','수출','6716864','7711298','30492352','26459467','20200229'
'202002','0303440000','E','눈다랑어(냉동)','수출','235702','753742','793866','1949492','20200229'
'202002','0303451000','E','대서양 참다랑어(냉동)(터너스 티너스)','수출','96','3522','895','20963','20200229'
'202002','0303460000','E','남방참다랑어(터너스맥코이/냉동)','수출','0','0','198054','2650791','20200229'
'202002','0303490000','E','기타(냉동)','수출','73720','62016','73720','62016','20200229'
'202002','0303510000','E','청어(클루페아 하렌구스/클루페아 팔라시)','수출','1466227','1114049','7468004','5398101','20200229'
'202002','0303530000','E','정어리(냉동)(사르디나 필차르두스/사르디노프스종)','수출','160244','117615','583010','417200','20200229'
'202002','0303540000','E','고등어(스콤버 스콤브루스/스콤버 오스트랄라시쿠스/스콤버 자포니쿠스)','수출','8268527','6841298','18481826','14876196','20200229'
'202002','0303550000','E','전갱이(냉동)(트라커러스종)','수출','733920','1311035','1305455','2505518','20200229'
'202002','0303570000','E','황새치(자이피어스글래디어스)','수출','149267','879072','373061','2157370','20200229'
'202002','0303591000','E','삼치[스콤버로모러스(Scomberomorus)종]','수출','431944','1862283','1443316','5682947','20200229'
'202002','0303592000','E','꽁치[콜로라비스 사이라(Cololabis saira)]','수출','153240','181711','157713','194737','20200229'
'202002','0303599000','E','기타','수출','96421','237864','475704','618267','20200229'
'202002','0303630000','E','대구(가두스 모르화/가두스 오각/가두스 마크로세팔루스)','수출','1447545','4171701','3360635','10262566','20200229'
'202002','0303660000','E','민대구(냉동)(메루키우스종 등 2종)','수출','447358','584621','847958','1174517','20200229'
'202002','0303670000','E','명태(냉동)(테라그라 찰코그라마)','수출','154023','356172','213504','490528','20200229'
'202002','0303691000','E','새꼬리민태(냉동)','수출','88920','193676','88920','193676','20200229'
'202002','0303699000','E','기타(냉동)(새꼬리민태 외 기타)','수출','126000','165801','126000','165801','20200229'
'202002','0303821000','E','가오리(냉동)','수출','1035','1131','1035','1131','20200229'
'202002','0303822000','E','홍어(냉동)','수출','934','17827','10610','34335','20200229'
'202002','0303830000','E','이빨고기(냉동)(디소스티쿠스종)','수출','108587','2097697','171958','2865225','20200229'
'202002','0303840000','E','농어(신선 또는 냉장)(디센트라르쿠스종)','수출','2008','34839','4315','67609','20200229'
'202002','0303891000','E','은대구(냉동)','수출','1020','19307','1020','19307','20200229'
'202002','0303892000','E','갈치(냉동)','수출','371679','940434','768194','1719994','20200229'
'202002','0303893010','E','옥돔(냉동)(브랜치오스테거스 자포니커스)','수출','39','1630','67','3669','20200229'
'202002','0303893090','E','돔(냉동)(기타)','수출','2618','3454','26242','63292','20200229'
'202002','0303894000','E','붕장어(냉동)','수출','4331','35217','33675','163092','20200229'
'202002','0303895000','E','조기(냉동)','수출','4565','35553','5507','47617','20200229'
'202002','0303896000','E','꽁치(냉동)(학꽁치를 포함한다)','수출','68245','244322','123505','474485','20200229'
'202002','0303899030','E','달고기(냉동)','수출','19294','46371','87672','98168','20200229'
'202002','0303899040','E','임연수어(냉동)','수출','23740','70017','47860','143363','20200229'
'202002','0303899050','E','볼낙(냉동)(적어를 포함한다)','수출','296487','669114','323507','717536','20200229'
'202002','0303899060','E','아귀(냉동)','수출','37490','76075','45504','109534','20200229'
'202002','0303899070','E','먹장어(냉동)(대서양 또는 태평양)','수출','156','1646','156','1646','20200229'
'202002','0303899091','E','민어(냉동)','수출','97369','144039','100735','165204','20200229'
'202002','0303899093','E','이빨고기(냉동)(디소스티쿠스종은 제외한다)','수출','67','615','67','615','20200229'
'202002','0303899099','E','기타어류(냉동)','수출','2372548','3728994','4373860','6779986','20200229'
'202002','0303912010','E','명란','수출','213945','2052383','373343','3285345','20200229'
'202002','0303912090','E','기타','수출','59354','201056','68977','238711','20200229'
'202002','0303990000','E','기타','수출','152767','376971','360943','906963','20200229'
'202002','0304390000','E','기타(신선 또는 냉장한 피레트)','수출','244','6906','489','13964','20200229'
'202002','0304410000','E','태평양 연어(옹코링쿠스- 넬카/고르부스카/케타/차비차/키수츠/마소//로두루스/ 대서양 연어(살모 살라/다뉴브 연어)','수출','0','0','1063','20478','20200229'
'202002','0304482000','E','홍어','수출','8','546','8','546','20200229'
'202002','0304491000','E','붕장어(신선 또는 냉장한 피레트)','수출','83084','951465','195645','2302267','20200229'
'202002','0304519000','E','틸라피아/메기/잉어/뱀장어/나일퍼치 종의 기타(기타/신선 또는 냉장한 것)','수출','88','1863','219','3864','20200229'
'202002','0304529000','E','연어류 기타(기타/신선 또는 냉장한 것)','수출','2','0','2','0','20200229'
'202002','0304710000','E','대구(가두스 모르화/가두스 오각/가두스 마크로세팔루스)','수출','22','22','52','381','20200229'
'202002','0304750000','E','명태(냉동한 피레트)(테라그라 찰코그라마)','수출','1588','10757','1852','13004','20200229'
'202002','0304831000','E','가자미(냉동한 피레트)','수출','5310','33722','7371','47895','20200229'
'202002','0304839000','E','넙치류 기타(냉동한 피레트)','수출','27','207','27','207','20200229'
'202002','0304840000','E','황새치(냉동한 피레트)(자이피어스 글래디어스)','수출','167526','1247984','294941','2223810','20200229'
'202002','0304860000','E','청어(냉동한 피레트)(클루페아 하렌구스 /클루페아팔라시)','수출','200','759','200','759','20200229'
'202002','0304871000','E','참다랑어(냉동한 피레트)','수출','30804','677056','45871','1255830','20200229'
'202002','0304879000','E','다랑어 기타(냉동한 피레트)','수출','1605664','15652538','3097274','30761156','20200229'
'202002','0304891000','E','붕장어의 것(냉동한 피레트)','수출','48998','402329','103565','1052592','20200229'
'202002','0304894000','E','쥐치의 것(냉동한 피레트)','수출','1','110','1','110','20200229'
'202002','0304899000','E','기타어류의 기타(냉동한 피레트)','수출','155403','1551505','290405','3039240','20200229'
'202002','0304919000','E','황새치(기타/냉동)','수출','0','0','26000','231912','20200229'
'202002','0304941000','E','명태 냉동연육','수출','20000','73164','40000','145307','20200229'
'202002','0304949000','E','명태 냉동연육 외 기타','수출','1928','10519','11078','30253','20200229'
'202002','0304991000','E','기타 냉동연육','수출','2069','13086','82073','148310','20200229'
'202002','0304999000','E','기타 냉동연육 외 기타','수출','60380','636009','119788','1155443','20200229'
'202002','0305100000','E','어류의 고운 가루ㆍ거친 가루와 펠릿(pellet)(식용에 적합한 것으로 한정한다)','수출','416','3746','437','4439','20200229'
'202002','0305204010','E','어란(명태/염장/염수장)','수출','1151','31462','1975','50197','20200229'
'202002','0305311000','E','틸라피아/메기/잉어/뱀장어/나일퍼치 종의 건조한 것','수출','28','944','28','944','20200229'
'202002','0305391000','E','기타어류의 피레트(건조한것)','수출','0','0','198','5008','20200229'
'202002','0305392000','E','기타어류의 피레트(염장 또는 염수장한 것)','수출','1488','11124','2304','16716','20200229'
'202002','0305410000','E','태평양 연어(옹코링쿠스- 넬카/고르부스카/케타/차비차/키수츠/마소/로두루스)/ 대서양 연어(살모 살라)/ 다뉴브 연어(후코 후코))','수출','500','8701','1500','26133','20200229'
'202002','0305491000','E','멸치(훈제/피레트포함)','수출','3960','33679','3960','33679','20200229'
'202002','0305492000','E','명태(훈제/피레트포함)','수출','50','1667','5252','31272','20200229'
'202002','0305499000','E','어류(연어/ 청어/ 멸치/ 명태이외 기타/훈제/피레트 포함)','수출','150','7950','150','7950','20200229'
'202002','0305510000','E','대구(건조/염장불문/훈제제외)','수출','274','8589','274','8589','20200229'
'202002','0305530000','E','대구[가두스 모르화(Gadus morhua)ㆍ가두스 오각(Gadus ogac)ㆍ가두스 마크로세팔루스(Gadus macrocephalus)] 이외의 브레그마세로티대(Bregmacerotidae)과ㆍ유','수출','34','1127','34','1127','20200229'
'202002','0305541000','E','멸치[엔그라울리스(Engraulis)종]','수출','60473','836377','71067','985190','20200229'
'202002','0305593000','E','명태(건조/염장불문/훈제제외)','수출','5947','99028','36427','503108','20200229'
'202002','0305594000','E','조기(건조/염장불문/훈제제외)','수출','2016','36867','2887','43731','20200229'
'202002','0305598000','E','실치(건조/염장불문/훈제제외)','수출','50','678','50','678','20200229'
'202002','0305599000','E','어류(대구/상어지느러미/멸치/명태/조기등외기타건조/훈제제외)','수출','1864','28246','8921','128697','20200229'
'202002','0305610000','E','청어(염장/염수장)','수출','120','612','120','612','20200229'
'202002','0305631000','E','멸치젓(염장/염수장)','수출','5521','10517','7590','14233','20200229'
'202002','0305691000','E','연어(염장/ 염수장)','수출','0','0','158','800','20200229'
'202002','0305693000','E','갈치(염장/염수장)','수출','1174','10696','1434','13547','20200229'
'202002','0305695000','E','고등어(염장/염수장)','수출','10105','74957','13730','108169','20200229'
'202002','0305696000','E','조기(염장/염수장)','수출','0','0','285','573','20200229'
'202002','0305698000','E','꽁치(학꽁치 포함/염장/ 염수장)','수출','1920','11424','2015','12105','20200229'
'202002','0305699000','E','어류(청어/대구/연어/송어/갈치/정어리/고등어 등 이외)','수출','9372','76713','10132','84232','20200229'
'202002','0305729000','E','대구의 것 외 기타(어류의 머리 꼬리 위)','수출','48','863','48','863','20200229'
'202002','0305790000','E','기타 어류의 머리 꼬리','수출','10999','88167','14353','126362','20200229'
'202002','0306119000','E','닭새우류(팔리누루스종 파누리루스종 자수스종)(냉동한것)(기타)','수출','131','764','131','764','20200229'
'202002','0306129000','E','바닷가재(호마루스종)(냉동한 것) 훈제한 것(기타)','수출','1663','28831','2117','37435','20200229'
'202002','0306141090','E','게살(냉동한 것) 훈제한 것(기타)','수출','200','1442','958','7647','20200229'
'202002','0306142090','E','왕게(냉동한 것) 기타','수출','5876','230331','8426','303881','20200229'
'202002','0306143090','E','꽃게(냉동한 것) 기타','수출','45955','64701','64508','150057','20200229'
'202002','0306149090','E','갑각류 기타(냉동한 것)(훈제한것 외 기타)','수출','501376','4238684','840077','7136084','20200229'
'202002','0306171090','E','기타의 새우류의 새우살(냉동한 것)(훈제한 것 외 기타)','수출','152','3523','408','8436','20200229'
'202002','0306179090','E','기타의 새우류의 기타(냉동한 것)(훈제한 것 외 기타)','수출','4458','29561','4458','29561','20200229'
'202002','0306199000','E','기타[분ㆍ조분 및 펠리트를 포함(식용에 적합)](냉동한 것)(훈제한 것 외 기타)','수출','0','0','2048','49870','20200229'
'202002','0306320000','E','바닷가재[호마루스(Homarus)종]','수출','0','0','70','2576','20200229'
'202002','0306331000','E','꽃게','수출','108','525','308','6208','20200229'
'202002','0306332000','E','대게','수출','494','15601','1442','47130','20200229'
'202002','0306339000','E','게(기타)','수출','73800','2626104','386638','17019535','20200229'
'202002','0306959020','E','건조한 것','수출','352','7268','531','11131','20200229'
'202002','0306959030','E','염장이나 염수장한 것','수출','5060','17959','26369','130548','20200229'
'202002','0306992000','E','건조한 것','수출','24000','59328','48200','119206','20200229'
'202002','0306993000','E','염장이나 염수장한 것','수출','20','229','40','463','20200229'
'202002','0307111090','E','굴치패 종패용 외 기타(산 것  신선 또는 냉장한 것)','수출','14449','119348','52780','304622','20200229'
'202002','0307119000','E','굴치패 기타(산 것 신선 또는 냉장한 것)','수출','20466','160858','91964','515098','20200229'
'202002','0307120000','E','냉동한 것','수출','445934','2832416','620173','4040219','20200229'
'202002','0307193000','E','기타 굴(염장 또는 염수장','수출','128','1380','528','7933','20200229'
'202002','0307210000','E','가리비과의 조개(산것/신선/ 냉장)','수출','5290','68809','11511','155518','20200229'
'202002','0307320000','E','냉동한 것','수출','2580','10032','3024','12622','20200229'
'202002','0307399000','E','홍합(산 것/ 신선/ 냉장/ 냉동/ 건조 이외 기타)','수출','520','2366','520','2366','20200229'
'202002','0307421010','E','세피아 오피시날리스(Sepia officinalis)ㆍ로시아 마크로소마(Rossia macrosoma)ㆍ세피올라(Sepiola)종','수출','0','0','6','136','20200229'
'202002','0307421090','E','기타','수출','0','0','2331','5002','20200229'
'202002','0307422090','E','기타','수출','0','0','22','340','20200229'
'202002','0307431090','E','기타','수출','930','14757','12027','103333','20200229'
'202002','0307432010','E','옴마스트레페스(Ommastrephes)종ㆍ로리고(Loligo)종ㆍ노토토다루스(Nototodarus)종ㆍ세피오투디스(Sepioteuthis)종','수출','50854','242542','124001','462834','20200229'
'202002','0307432090','E','기타','수출','403276','1899156','593116','2680930','20200229'
'202002','0307492010','E','갑오징어[세피아 오피시날리스(Sepia officinalis)ㆍ로시아 마크로소마(Rossia macrosoma)ㆍ세피올라(Sepiola)종]와 오징어[옴마스트레페스(Ommastrephes)종ㆍ로','수출','2030','23450','2030','23450','20200229'
'202002','0307492090','E','기타','수출','48','901','48','901','20200229'
'202002','0307493010','E','갑오징어[세피아 오피시날리스(Sepia officinalis)ㆍ로시아 마크로소마(Rossia macrosoma)ㆍ세피올라(Sepiola)종]와 오징어[옴마스트레페스(Ommastrephes)종ㆍ로','수출','370','6427','3322','51597','20200229'
'202002','0307493090','E','기타','수출','2132','80068','3771','108733','20200229'
'202002','0307511000','E','낙지(산것/신선/ 냉장)','수출','1733','28134','3394','58496','20200229'
'202002','0307519000','E','기타문어(산것/신선/ 냉장)','수출','390','13177','736','22923','20200229'
'202002','0307521000','E','문어','수출','3540','35240','6980','48563','20200229'
'202002','0307522000','E','낙지','수출','1116','7845','1536','12932','20200229'
'202002','0307529000','E','기타','수출','2436','17690','2436','17690','20200229'
'202002','0307592000','E','문어(건조)','수출','0','0','80','3364','20200229'
'202002','0307599000','E','문어(산것/ 신선/ 냉장/ 냉동/ 건조 이외 기타)','수출','360','5066','360','5066','20200229'
'202002','0307712090','E','피조개 기타(산 것  신선 또는 냉장한 것)','수출','51361','537869','90380','1031112','20200229'
'202002','0307714000','E','바지락(산 것 신선 또는 냉장한 것)','수출','25640','77297','25760','77958','20200229'
'202002','0307719000','E','클램/ 새조개 및 피조개 기타(산 것 / 신선 또는 냉장한 것)','수출','43788','439664','95835','967866','20200229'
'202002','0307723000','E','바지락','수출','22098','104507','88360','416088','20200229'
'202002','0307729000','E','기타','수출','1','1','2418','14023','20200229'
'202002','0307810000','E','전복(산 것 신선 또는 냉장한 것)','수출','128224','3479910','252113','7067512','20200229'
'202002','0307820000','E','살아있거나/ 신선하거나 냉장한 수정고둥류[스트롬버스(Strombus)종]','수출','34916','71814','194026','356364','20200229'
'202002','0307830000','E','냉동한 전복[할리오티스(Haliotis)종]','수출','684','20261','794','21976','20200229'
'202002','0307911000','E','소라(산 것 신선 또는 냉장한 것)','수출','119823','418710','200853','722897','20200229'
'202002','0307912090','E','진주조개(기타)(산 것 신선 또는 냉장한 것)','수출','60','717','260','3126','20200229'
'202002','0307913000','E','개아지살(산 것 신선 또는 냉장한 것)','수출','7515','174905','14463','339076','20200229'
'202002','0307914000','E','재첩(산 것 신선 또는 냉장한 것)','수출','1820','7746','1820','7746','20200229'
'202002','0307919000','E','기타[분 조분 펠리트 포함(식용 적합)]의 기타(산/신선/냉장)','수출','15335','30589','39656','98608','20200229'
'202002','0307921000','E','개아지살','수출','60','1874','62','1879','20200229'
'202002','0307922000','E','소라','수출','114','1025','114','1025','20200229'
'202002','0307929000','E','기타','수출','30700','204233','52344','237370','20200229'
'202002','0307994110','E','골뱅이 (훈제한 것)(밀폐용기에 넣은 것)','수출','0','0','269','3330','20200229'
'202002','0307994900','E','기타[분 조분 펠리트를 포함(식용에 적합한)]의 기타(훈제한 것)','수출','1820','15376','2272','22903','20200229'
'202002','0308110000','E','해삼(산 것 신선 또는 냉장한 것)','수출','920','23982','3486','73564','20200229'
'202002','0308192000','E','해삼(건조한 것)','수출','512','70798','727','121296','20200229'
'202002','0308193000','E','해삼(염장 또는 염수장한 것)','수출','1202','65500','1904','100500','20200229'
'202002','0308220000','E','냉동한 것','수출','1433','176914','1433','176914','20200229'
'202002','0308293000','E','성게(염장 또는 염수장한 것)','수출','6820','462803','14528','1100368','20200229'
'202002','0308304000','E','해파리(염장 또는 염수장한 것)','수출','1353','7279','3907','21442','20200229'
'202002','0308901019','E','우렁쉥이(기타)(산 것 신선 또는 냉장한 것)','수출','2444','26431','5301','57171','20200229'
'202002','0308901090','E','수생무척추동물의 기타(산 것)','수출','276','3459','333','4249','20200229'
'202002','0308902010','E','우렁쉥이(냉동한 것)','수출','530','4159','2368','24598','20200229'
'202002','0308902090','E','수생무척추동물의 기타(냉동 한것)','수출','4517','16454','5716','20727','20200229'
'202002','0508002020','E','청패각(전복)','수출','0','0','17000','7900','20200229'
'202002','0508002090','E','기타패각','수출','0','0','115200','22500','20200229'
'202002','0508009000','E','연체동물/갑각류/극피동물','수출','69944','86134','93412','226409','20200229'
'202002','0511911010','E','부화용알(브라인슈림프알)','수출','109','5008','185','15521','20200229'
'202002','0511919000','E','어류/갑각류/연체동물/수행동','수출','223323','322209','352734','641294','20200229'
'202002','0511996000','E','동물성의해면','수출','5','210','5','210','20200229'
'202002','1212211010','E','김(건조한 것)(식용의 것)','수출','688333','11336863','1300111','21346321','20200229'
'202002','1212211020','E','김(냉장한 것)(식용의 것)','수출','0','0','148','3720','20200229'
'202002','1212211030','E','김(냉동한 것)(식용의 것)','수출','850','4265','850','4265','20200229'
'202002','1212211090','E','김(기타)(식용의 것)','수출','6350','77866','10758','111643','20200229'
'202002','1212212010','E','미역(건조한 것)(식용의 것)','수출','163010','1922294','278970','3400160','20200229'
'202002','1212212020','E','미역(염장한 것)(식용의 것)','수출','197292','318746','625863','825053','20200229'
'202002','1212212040','E','미역(냉동한 것)(식용의 것)','수출','158625','220976','166374','236163','20200229'
'202002','1212212090','E','미역(기타)(식용의 것)','수출','235','2711','528','5564','20200229'
'202002','1212213010','E','톳(건조한 것)(식용의 것)','수출','124634','1469416','323241','3633681','20200229'
'202002','1212213030','E','톳(냉동한 것)(식용의 것)','수출','4','4','16','12','20200229'
'202002','1212213090','E','톳(기타)(식용의 것)','수출','4654','10723','5249','16149','20200229'
'202002','1212214010','E','파래(건조한 것)(식용의 것)','수출','366','3321','743','6850','20200229'
'202002','1212214020','E','파래(냉장한 것)(식용의 것)','수출','424','4240','744','7440','20200229'
'202002','1212214090','E','파래(기타)(식용의 것)','수출','5340','196489','12175','419747','20200229'
'202002','1212215010','E','다시마(염장한 것)(식용의 것)','수출','6768','29442','11298','40588','20200229'
'202002','1212215030','E','다시마(냉동한 것)(식용의 것)','수출','4601','10434','6059','14163','20200229'
'202002','1212215090','E','다시마(기타)(식용의 것)','수출','34271','341589','62447','629389','20200229'
'202002','1212216090','E','우뭇가사리(기타)(식용의 것)','수출','14870','121810','143420','1389434','20200229'
'202002','1212217029','E','기타','수출','900','25142','900','25142','20200229'
'202002','1212219091','E','해초류와 기타조류 기타(냉동)(식용의 것)','수출','3955','9790','3955','9790','20200229'
'202002','1212219099','E','해초류와 기타조류 기타(기타)(식용의 것)','수출','3521','23171','11622','139209','20200229'
'202002','1212292090','E','미역(기타)','수출','105','1725','105','1725','20200229'
'202002','1212294090','E','파래(기타)','수출','1460','5520','1560','7020','20200229'
'202002','1212295090','E','다시마(기타)','수출','495','5726','1882','18220','20200229'
'202002','1212299099','E','해초류와 기타조류 기타(기타)','수출','3460','6435','9980','19998','20200229'
'202002','1302311000','E','실한천','수출','2171','116967','2371','127243','20200229'
'202002','1302312000','E','분한천','수출','5183','153923','46871','1299877','20200229'
'202002','1504109000','E','어류의간유/분획물(상어의간유','수출','59200','137836','103200','251188','20200229'
'202002','1504200000','E','어류의 지방과 기름 및 그 분획물[간유(肝油)는 제외한다]','수출','107245','165040','143245','215820','20200229'
'202002','1603003000','E','어류의액스','수출','37947','62479','140762','118049','20200229'
'202002','1603004000','E','어류의즙','수출','107523','165421','184712','323830','20200229'
'202002','1603009000','E','갑각류/연체동물/수생동물의','수출','64584','296995','111896','558781','20200229'
'202002','1604111000','E','연어(조제/밀폐용기에 넣은 것)','수출','962','6706','962','6706','20200229'
'202002','1604119000','E','연어(조제/밀페용기에 넣은 것 이외 기타)','수출','4','153','4','153','20200229'
'202002','1604129000','E','청어(통조림외조제품)','수출','0','0','1350','11940','20200229'
'202002','1604141011','E','다랭이(기름담금)','수출','30147','176285','47766','286964','20200229'
'202002','1604141012','E','다랭이(보일드)','수출','70','530','162','1202','20200229'
'202002','1604141019','E','다랭이류(다랭이/ 가다랭이 이외 기타/조제/밀폐용기에 넣은 것)','수출','24451','164916','40315','264534','20200229'
'202002','1604141021','E','다랭이류(조제/밀폐용기에 넣은 것 이외 기타)','수출','64392','373876','144686','810345','20200229'
'202002','1604141029','E','가다랭이(기타)','수출','27206','164765','40062','250674','20200229'
'202002','1604141039','E','버니토우(기타)','수출','144','814','144','814','20200229'
'202002','1604149000','E','다랭이류(조제/밀폐용기에 넣은 것 이외 기타)','수출','3170','27839','29877','221948','20200229'
'202002','1604151000','E','고등어(조제/밀폐용기에 넣은 것)','수출','5622','15592','18778','55119','20200229'
'202002','1604159000','E','고등어(조제/밀폐용기에 넣은 것 이외 기타)','수출','2005','26796','2285','29007','20200229'
'202002','1604161000','E','멸치(조제/밀폐용기에 넣은 것)','수출','1050','17936','1529','27909','20200229'
'202002','1604169000','E','전갱이(조제/밀폐용기에 넣은 것 이외 기타)','수출','8320','113934','9259','123988','20200229'
'202002','1604171000','E','뱀장어(조제 또는 저장처리)(밀폐용기에 넣은 것)','수출','140','3350','290','6917','20200229'
'202002','1604179000','E','뱀장어(조제 또는 저장처리)','수출','0','0','1040','22137','20200229'
'202002','1604191010','E','꽁치(통조림외조제품)','수출','56869','178731','97632','292356','20200229'
'202002','1604191090','E','어류조제품(연어/청어/정어리/고등어 등 밀폐용기에넣은것)','수출','347','5679','2731','26143','20200229'
'202002','1604199010','E','쥐치포(조제/밀페용기 이외 기타)','수출','266','7708','2616','52304','20200229'
'202002','1604199090','E','어류조제품(연어/청어/고등어/기타/조제/밀폐용기에 넣은 것)','수출','28048','551398','46082','910238','20200229'
'202002','1604203000','E','생선소시지','수출','162351','919185','442380','2511752','20200229'
'202002','1604204010','E','생선묵(게맛)','수출','527838','2387016','941054','4308537','20200229'
'202002','1604204090','E','생선묵(게맛의 것 이외 기타)','수출','615734','1993516','1099122','3595953','20200229'
'202002','1604209000','E','어류조제/저장제품(생선 페이스트/마리네이드/소시지/생선묵)','수출','120860','965038','258472','2163056','20200229'
'202002','1604320000','E','캐비아 대용물','수출','42558','559054','57524','741432','20200229'
'202002','1605101010','E','게살(밀폐용기에넣은것)','수출','490','12991','574','15230','20200229'
'202002','1605101091','E','붉은 대게살(밀폐용기에 넣은 것/ 훈제한 것 이외 기타)','수출','177647','2924212','377393','6232111','20200229'
'202002','1605101099','E','기타 게살(밀폐용기에 넣은 것/ 훈제한 것 이외 기타)','수출','9813','179358','10731','186477','20200229'
'202002','1605109000','E','게 조제품(게살 이외 기타)','수출','6331','154394','18982','244880','20200229'
'202002','1605211000','E','새우류(조제 또는 저장처리)(밀폐용기에 넣지 아니한 것)(브레드한 것)','수출','7188','47188','13588','89353','20200229'
'202002','1605219000','E','새우류(조제 또는 저장처리)(밀폐용기에 넣지 아니한 것)(기타)','수출','3641','28761','11557','81335','20200229'
'202002','1605290000','E','새우류(조제 또는 저장처리)','수출','1183','16097','1870','22094','20200229'
'202002','1605301000','E','바다가재(밀폐용기에넣은것)','수출','103','2493','103','2493','20200229'
'202002','1605409000','E','갑각류 조제품(게/새우/바다가재기타/밀폐용기에넣은것이외기타)','수출','23','178','45','358','20200229'
'202002','1605511000','E','굴(조제 또는 저장처리)(밀폐용기에 넣은 것)','수출','64918','572155','121164','1109706','20200229'
'202002','1605519000','E','굴(조제 또는 저장처리)(기타)','수출','19830','287230','82201','1205211','20200229'
'202002','1605531000','E','홍합(조제 또는 저장처리)(밀폐용기에 넣은 것)','수출','13723','145560','13723','145560','20200229'
'202002','1605539000','E','홍합(조제 또는 저장처리)(기타)','수출','280','1116','5500','17070','20200229'
'202002','1605541090','E','갑오징어와 오징어(조제 또는 저장처리)(기타)','수출','326','1866','486','2916','20200229'
'202002','1605542010','E','오징어(조제 또는 저장처리)(밀폐용기에 넣은 것)','수출','942','16428','1583','28381','20200229'
'202002','1605542091','E','조미오징어(조제 또는 저장처리)(밀폐용기에 넣은 것)','수출','50329','573241','82250','1170639','20200229'
'202002','1605542099','E','오징어 기타(조제 또는 저장처리)','수출','31711','211429','57271','382997','20200229'
'202002','1605551000','E','문어(조제 또는 저장처리)(밀폐용기에 넣은 것)','수출','58','2112','58','2112','20200229'
'202002','1605559000','E','문어(조제 또는 저장처리)(기타)','수출','4144','52835','5399','68538','20200229'
'202002','1605561010','E','바지락(조제 또는 저장처리)(밀폐용기에 넣은 것)','수출','2775','67200','2775','67200','20200229'
'202002','1605562010','E','새조개(조제 또는 저장처리)(밀폐용기에 넣은 것)','수출','200','3615','200','3615','20200229'
'202002','1605562090','E','새조개(조제 또는 저장처리)(기타)','수출','1867','74210','1867','74210','20200229'
'202002','1605569090','E','클램/ 새조개 및 피조개 기타(조제 또는 저장처리)(기타)','수출','293','1382','4367','12699','20200229'
'202002','1605571000','E','전복(밀폐용기에넣은것)','수출','32','767','43','1278','20200229'
'202002','1605579000','E','전복(조제 또는 저장처리) 기타','수출','150','7848','545','24825','20200229'
'202002','1605581000','E','달팽이(조제 또는 저장처리)(밀폐용기에 넣은 것)','수출','48','270','96','543','20200229'
'202002','1605591010','E','골뱅이(조제 또는 저장처리)(밀폐용기에 넣은 것)','수출','43000','450770','64015','680135','20200229'
'202002','1605591090','E','골뱅이(조제 또는 저장처리)(기타)','수출','2398','16944','3398','22070','20200229'
'202002','1605592010','E','소라(밀폐용기에 넣은것)','수출','192','2019','192','2019','20200229'
'202002','1605592090','E','소라(조제 또는 저장처리)기타','수출','56895','202113','113370','402313','20200229'
'202002','1605599010','E','연체동물 기타(조제 또는 저장처리)(밀폐용기에 넣은 것)','수출','1639','13569','5011','50026','20200229'
'202002','1605599090','E','연체동물 기타(조제 또는 저장처리)(기타)','수출','60072','292126','142430','650889','20200229'
'202002','1605611000','E','해삼(조제 또는 저장처리)(밀폐용기에 넣은 것)','수출','0','0','28','15939','20200229'
'202002','1605619000','E','해삼(조제 또는 저장처리)기타','수출','135','31800','580','173464','20200229'
'202002','1605639000','E','해파리(조제 또는 저장처리)(기타)','수출','1000','4168','2418','11806','20200229'
'202002','1605699000','E','기타 수생무척추동물의 기타(조제 또는 저장처리)(기타)','수출','7258','42597','13216','77649','20200229'
'202002','2008995010','E','김','수출','1149512','26601972','2157587','51207075','20200229'
'202002','2008995090','E','기타 김','수출','85937','408382','139388','655903','20200229'
'202002','2104102000','E','어류의 수우프/ 브로드와 수우프 브로드 제조용 조제품','수출','13066','75803','24525','131320','20200229'
'202002','2301201000','E','어류의 분.조분 및 펠리트','수출','303536','304177','427256','406204','20200229'
'202002','2301209000','E','어류외기타 분.조분 및 펠리트','수출','4116000','3294324','7380800','5946368','20200229'
'202002','2501001010','E','암염(岩鹽)','수출','1038','3738','2417','5355','20200229'
'202002','2501001020','E','천일염','수출','95040','73900','178612','119053','20200229'
'202002','2501009010','E','식염','수출','390036','343391','881089','844993','20200229'
'202002','2501009020','E','순염화나트륨','수출','22103','14747','43246','29924','20200229'
'202002','2501009090','E','기타소금/해수','수출','1998186','260756','4031326','488917','20200229'
'202002','4202211040','E','장어류의 가죽으로 만든 것','수출','0','0','1','28','20200229'
'202002','4202911040','E','장어류의 가죽으로 만든 것','수출','5','1100','5','1100','20200229'
'202002','7101102000','E','가공한 것','수출','0','0','0','10','20200229'
'202002','7101220000','E','양식진주(가공한것)','수출','2','461','6','1867','20200229'
'202002','7116102000','E','양식진주로 만든 것','수출','0','0','0','86','20200229'
'202002','9601901010','E','진주양식용핵','수출','11','1496','11','1496','20200229'
'202002','9601901090','E','패각(기타)','수출','1090','123184','1188','169102','20200229'
'202002','9606291000','E','조개껍질로 만든것','수출','409','51079','581','65740','20200229'
'202002','0106202000','I','자라(산동물)','수입','4936','58139','9447','109182','20200229'
'202002','0106903010','I','갯지렁이','수입','23668','300056','45567','594965','20200229'
'202002','0106903090','I','기타','수입','25','17674','28','17729','20200229'
'202002','0301111000','I','비단잉어(활어)(민물의 것)','수입','42','3736','44','4871','20200229'
'202002','0301119000','I','기타(활어)(비단잉어 외  민물의 것)','수입','6306','397354','11365','734776','20200229'
'202002','0301190000','I','기타(활어)(민물의 것)','수입','2921','137279','5432','276510','20200229'
'202002','0301921000','I','실뱀장어(한마리당 0.3그램 이하인 것으로서 양식용으로 한정)','수입','3090','42859346','5941','93743211','20200229'
'202002','0301922000','I','새끼뱀장어(한 마리당0.3그램을 초과하고50그램이하인것으로양식용으로한정)','수입','0','0','1007','151910','20200229'
'202002','0301929090','I','뱀장어(앵궐라종)','수입','26149','344017','118164','1598987','20200229'
'202002','0301930000','I','잉어(활어)','수입','117479','301987','337931','883056','20200229'
'202002','0301992000','I','방어(활어)','수입','162181','1387310','621777','5526444','20200229'
'202002','0301994090','I','돔(기타)','수입','275822','2055547','450904','3455391','20200229'
'202002','0301995000','I','붕장어(활어)','수입','150','1373','350','3210','20200229'
'202002','0301997000','I','먹장어(활어)','수입','89750','768440','156847','1331834','20200229'
'202002','0301998000','I','넙치(활어)','수입','42205','379822','89002','722171','20200229'
'202002','0301999010','I','능성어(활어)','수입','1852','37236','5630','103871','20200229'
'202002','0301999020','I','복어(활어)','수입','18735','307878','37887','664355','20200229'
'202002','0301999059','I','농어(기타)','수입','126966','673986','413956','2356393','20200229'
'202002','0301999070','I','미꾸라지(활어)','수입','680364','2795659','1177544','4628303','20200229'
'202002','0301999092','I','붕어(활어)','수입','0','0','6700','21091','20200229'
'202002','0301999095','I','민어(활어)','수입','152807','679672','473990','2170419','20200229'
'202002','0301999099','I','기타어류(활어)','수입','40610','456864','110348','1019762','20200229'
'202002','0302140000','I','대서양 연어(신선 또는 냉장)(살모 살라) 및 다뉴브 연어(후코 후코)','수입','1656286','15895830','3543192','39808492','20200229'
'202002','0302210000','I','넙치(간장/ 어란제외/신선/ 냉장/피레트/ 어육제외)','수입','0','0','11','133','20200229'
'202002','0302320000','I','황다랑어(터너스 알바카레스/신선/냉장)','수입','432','7915','820','15029','20200229'
'202002','0302351000','I','남방참다랑어(터너스 맥코이/신선/냉장)','수입','1997','53029','5451','149398','20200229'
'202002','0302352000','I','태평양 참다랑어(신선 또는 냉장)(터너스 오리엔탈리스)','수입','5367','128722','10970','260133','20200229'
'202002','0302390000','I','기타(신선/냉장)','수입','1130','32332','2877','81913','20200229'
'202002','0302440000','I','고등어(신선 또는 냉장)(스콤버-스콤브루스/오스트랄시쿠스/자포니쿠스))','수입','9568','27896','9568','27896','20200229'
'202002','0302510000','I','대구(신선 또는 냉장)(가두스 모르화/가두스 오각/가두스 마크로세팔루스)','수입','189884','448595','369180','883275','20200229'
'202002','0302550000','I','명태(신선 또는 냉장)(테라그라 찰코그라마)','수입','275182','815315','499644','1584647','20200229'
'202002','0302820000','I','가오리와 홍어(라지대과)(신선 또는 냉장)','수입','48186','265962','259903','1589325','20200229'
'202002','0302840000','I','농어(냉동)(디센트라르쿠스종)','수입','1339','21013','2719','42630','20200229'
'202002','0302850000','I','돔(신선 또는 냉장)(스파리대과)','수입','2064','11236','9687','74482','20200229'
'202002','0302891000','I','방어(신선 또는 냉장)','수입','0','0','126','2088','20200229'
'202002','0302892000','I','갈치(신선 또는 냉장)','수입','39746','300242','100482','654273','20200229'
'202002','0302896000','I','돔(신선 또는 냉장)(스파리대과를 제외한다)','수입','0','0','463','4728','20200229'
'202002','0302899040','I','아귀(신선 또는 냉장)','수입','780','2232','21301','49793','20200229'
'202002','0302899090','I','기타(신선 또는 냉장)(삼치/복어/병어/아귀 외 기타)','수입','3062','8279','7870','25054','20200229'
'202002','0302911000','I','간','수입','204','409','534','1071','20200229'
'202002','0302912000','I','어란(魚卵)ㆍ어백(魚白)','수입','0','0','21','1904','20200229'
'202002','0303110000','I','소크아이 연어(홍연어/옹코링쿠스 넬카)','수입','42000','252000','42000','252000','20200229'
'202002','0303120000','I','그 밖의 태평양 연어(옹코링쿠스 고르부스카/옹코링쿠스 케타/옹코링쿠스 차비차/옹코링쿠스 키수츠/옹코링쿠스 마소/옹코링쿠스 로두루스)','수입','945054','2642141','1262540','3877302','20200229'
'202002','0303130000','I','대서양연어(냉동)(살모 살라)와 다뉴브연어(후코 후코)','수입','388768','2614965','960537','6441564','20200229'
'202002','0303190000','I','연어(기타)','수입','139','4678','433','14530','20200229'
'202002','0303230000','I','틸라피아(냉동)(오레오크로미스종)','수입','53293','137978','104096','263166','20200229'
'202002','0303240000','I','메기(냉동)(판가시우스종/실루러스종/클라리아스종/익타루러스종)','수입','16901','48103','120024','287400','20200229'
'202002','0303250000','I','잉어(사이프리너스 카르피오/카라시우스 카라시우스/크테노파린고돈 이델루스/하이포프탈미크티스종ㆍ시리누스종ㆍ마일로파린고돈 피세우스)','수입','12115','27721','12580','29583','20200229'
'202002','0303320000','I','가자미(플루로넥테스 플라테사)','수입','0','0','13158','13924','20200229'
'202002','0303330000','I','서대(간장/ 어란제외/냉동/피레트/ 어육제외)','수입','4898','21627','13850','41877','20200229'
'202002','0303390000','I','넙치류(간장/ 어란제외/냉동/피레트/ 어육제외)','수입','1878040','4897465','8005500','17569703','20200229'
'202002','0303410000','I','날개다랑어 또는 긴지느러미다랑어(터너스알라룽가/냉동)','수입','11379','25034','11379','25034','20200229'
'202002','0303420000','I','황다랑어(터너스 알바카레스/냉동)','수입','7104','19718','67776','177942','20200229'
'202002','0303440000','I','눈다랑어(냉동)','수입','60091','299444','77092','382849','20200229'
'202002','0303451000','I','대서양 참다랑어(냉동)(터너스 티너스)','수입','15861','190480','34626','421857','20200229'
'202002','0303452000','I','태평양 참다랑어(냉동)(터너스 오리엔탈리스)','수입','6743','62412','6743','62412','20200229'
'202002','0303460000','I','남방참다랑어(터너스맥코이/냉동)','수입','16588','143835','55066','434817','20200229'
'202002','0303490000','I','기타(냉동)','수입','2','24','376','3705','20200229'
'202002','0303510000','I','청어(클루페아 하렌구스/클루페아 팔라시)','수입','1818030','958675','3684296','1818227','20200229'
'202002','0303530000','I','정어리(냉동)(사르디나 필차르두스/사르디노프스종)','수입','1608326','923852','3935257','2023589','20200229'
'202002','0303540000','I','고등어(스콤버 스콤브루스/스콤버 오스트랄라시쿠스/스콤버 자포니쿠스)','수입','2696458','5818403','8551203','18474737','20200229'
'202002','0303550000','I','전갱이(냉동)(트라커러스종)','수입','383548','586042','893550','1354457','20200229'
'202002','0303570000','I','황새치(자이피어스글래디어스)','수입','583690','3335864','959657','5497429','20200229'
'202002','0303591000','I','삼치[스콤버로모러스(Scomberomorus)종]','수입','0','0','75','105','20200229'
'202002','0303592000','I','꽁치[콜로라비스 사이라(Cololabis saira)]','수입','829576','1176996','5934956','9299607','20200229'
'202002','0303599000','I','기타','수입','1232859','713744','3970950','2194872','20200229'
'202002','0303630000','I','대구(가두스 모르화/가두스 오각/가두스 마크로세팔루스)','수입','1653127','4316551','4240883','11468849','20200229'
'202002','0303660000','I','민대구(냉동)(메루키우스종 등 2종)','수입','0','0','23963','11981','20200229'
'202002','0303670000','I','명태(냉동)(테라그라 찰코그라마)','수입','14296852','18430797','25100732','33242642','20200229'
'202002','0303680000','I','블루 화이팅스(마이크로메시스티우스 포우타소우/마이크로메시스티우스 오스트랄리스)','수입','0','0','33449','17059','20200229'
'202002','0303699000','I','기타(냉동)(새꼬리민태 외 기타)','수입','0','0','17550','41175','20200229'
'202002','0303810000','I','곱상어와 기타 상어(냉동)','수입','165177','480661','391686','1131219','20200229'
'202002','0303821000','I','가오리(냉동)','수입','55848','118653','103191','265861','20200229'
'202002','0303822000','I','홍어(냉동)','수입','232865','1014343','801361','3535076','20200229'
'202002','0303830000','I','이빨고기(냉동)(디소스티쿠스종)','수입','117219','887017','238886','2070503','20200229'
'202002','0303891000','I','은대구(냉동)','수입','0','0','26164','168561','20200229'
'202002','0303892000','I','갈치(냉동)','수입','603008','1857468','1542158','5175793','20200229'
'202002','0303893010','I','옥돔(냉동)(브랜치오스테거스 자포니커스)','수입','37360','235243','60832','443581','20200229'
'202002','0303893090','I','돔(냉동)(기타)','수입','77562','372097','325325','1652890','20200229'
'202002','0303895000','I','조기(냉동)','수입','842322','3365582','3439242','14358010','20200229'
'202002','0303898000','I','복어(냉동)','수입','264690','604873','1255110','2624575','20200229'
'202002','0303899010','I','보리멸(냉동)','수입','21','831','24','939','20200229'
'202002','0303899040','I','임연수어(냉동)','수입','500107','1345895','1547365','4171538','20200229'
'202002','0303899050','I','볼낙(냉동)(적어를 포함한다)','수입','836596','1644933','1982451','3785626','20200229'
'202002','0303899060','I','아귀(냉동)','수입','2588326','4425593','6290415','10372209','20200229'
'202002','0303899070','I','먹장어(냉동)(대서양 또는 태평양)','수입','336787','991402','542747','1625746','20200229'
'202002','0303899080','I','밀크피쉬(냉동)','수입','105200','167667','211100','317183','20200229'
'202002','0303899091','I','민어(냉동)','수입','1837149','8420732','3420430','15040693','20200229'
'202002','0303899092','I','까나리(냉동)','수입','2123482','1104290','4614362','2329026','20200229'
'202002','0303899099','I','기타어류(냉동)','수입','1178738','3180318','2688780','7561700','20200229'
'202002','0303911000','I','간','수입','36537','52003','36537','52003','20200229'
'202002','0303912010','I','명란','수입','1450172','7268989','2524262','12430762','20200229'
'202002','0303912090','I','기타','수입','708282','1136135','1672680','2655704','20200229'
'202002','0303990000','I','기타','수입','239173','749116','760591','2524687','20200229'
'202002','0304410000','I','태평양 연어(옹코링쿠스- 넬카/고르부스카/케타/차비차/키수츠/마소//로두루스/ 대서양 연어(살모 살라/다뉴브 연어)','수입','253840','3595996','646738','9673020','20200229'
'202002','0304420000','I','송어(살모 트루타/옹코링쿠스-미키스/ 클라키/아구아보니타/길래/아파케/ 크리소가스터)','수입','5455','75252','10120','142985','20200229'
'202002','0304499000','I','기타(신선 또는 냉장한 피레트)','수입','893','37590','1490','66481','20200229'
'202002','0304529000','I','연어류 기타(기타/신선 또는 냉장한 것)','수입','0','0','17','87','20200229'
'202002','0304610000','I','틸라피아(냉동한 피레트)(오레오크로미스종)','수입','32558','320451','68450','661763','20200229'
'202002','0304620000','I','메기(냉동한 피레트)(판가시우스종/실루러스종/클라리아스종/익타루러스종)','수입','80254','303882','289186','1068640','20200229'
'202002','0304690000','I','틸라피아/메기/잉어/뱀장어/나일퍼치 종의 기타(냉동한 피레트)','수입','110','1650','110','1650','20200229'
'202002','0304710000','I','대구(가두스 모르화/가두스 오각/가두스 마크로세팔루스)','수입','17196','157727','154887','1057101','20200229'
'202002','0304740000','I','민대구(냉동한 피레트)(메루키우스종ㆍ유르피키스종)','수입','0','0','25367','72476','20200229'
'202002','0304750000','I','명태(냉동한 피레트)(테라그라 찰코그라마)','수입','533715','1671925','3551205','10960414','20200229'
'202002','0304790000','I','브레그마세로티대과외6종무리에놀레피디대과어류의(냉동한피레트)','수입','1626','50987','13976','108810','20200229'
'202002','0304810000','I','태평양 연어(옹코링쿠스 -넬카/고르부스카/케타/차비차/키수츠/마소/로두루스)/ 대서양 연어(살모 살라)/다뉴브 연어(후코 후코))','수입','63923','511266','153915','1274267','20200229'
'202002','0304820000','I','송어(살모 트루타/옹코링쿠스-미키스/클라키/아구아보니타/길래/아파케/크리소가스터)','수입','1500','29384','1500','29384','20200229'
'202002','0304831000','I','가자미(냉동한 피레트)','수입','24450','120195','175432','930736','20200229'
'202002','0304840000','I','황새치(냉동한 피레트)(자이피어스 글래디어스)','수입','27412','171359','70031','659207','20200229'
'202002','0304850000','I','이빨고기(냉동한 피레트)(디소스티쿠스종)','수입','3669','55046','3669','55046','20200229'
'202002','0304860000','I','청어(냉동한 피레트)(클루페아 하렌구스 /클루페아팔라시)','수입','0','0','2420','3230','20200229'
'202002','0304871000','I','참다랑어(냉동한 피레트)','수입','786175','20932857','1151678','30826966','20200229'
'202002','0304879000','I','다랑어 기타(냉동한 피레트)','수입','74627','810217','150257','1566909','20200229'
'202002','0304891000','I','붕장어의 것(냉동한 피레트)','수입','204336','1192398','271144','1622706','20200229'
'202002','0304893000','I','틸라피아(냉동한 피레트)(오레오크로미스종은 제외한다)의 것','수입','1250','20773','2750','43828','20200229'
'202002','0304899000','I','기타어류의 기타(냉동한 피레트)','수입','323644','1760991','841911','4348290','20200229'
'202002','0304939000','I','틸라피아/메기/잉어/뱀장어/나일퍼치 종의 냉동연육외 기타','수입','3080','28126','3080','28126','20200229'
'202002','0304941000','I','명태 냉동연육','수입','403780','1359512','1690820','5326108','20200229'
'202002','0304949000','I','명태 냉동연육 외 기타','수입','0','0','18935','138159','20200229'
'202002','0304951000','I','브레그마세로티대과외6종무리에놀레피디대과어류(냉동연옥)','수입','80','1125','20080','65125','20200229'
'202002','0304991000','I','기타 냉동연육','수입','2917900','5322548','20741630','35068306','20200229'
'202002','0304999000','I','기타 냉동연육 외 기타','수입','105153','363808','442092','853646','20200229'
'202002','0305100000','I','어류의 고운 가루ㆍ거친 가루와 펠릿(pellet)(식용에 적합한 것으로 한정한다)','수입','0','0','4307','20584','20200229'
'202002','0305202000','I','어란(건조)','수입','0','0','26','3272','20200229'
'202002','0305204090','I','어란(명태/ 조기/ 청어이외 기타/염장/ 염수장)','수입','0','142','0','142','20200229'
'202002','0305311000','I','틸라피아/메기/잉어/뱀장어/나일퍼치 종의 건조한 것','수입','5000','40256','16000','128776','20200229'
'202002','0305321000','I','브레그마세로티대과외6종무리에놀레피디대과어류 건조한것','수입','0','0','12000','129259','20200229'
'202002','0305391000','I','기타어류의 피레트(건조한것)','수입','576','4536','579','4562','20200229'
'202002','0305392000','I','기타어류의 피레트(염장 또는 염수장한 것)','수입','398','6511','398','6537','20200229'
'202002','0305410000','I','태평양 연어(옹코링쿠스- 넬카/고르부스카/케타/차비차/키수츠/마소/로두루스)/ 대서양 연어(살모 살라)/ 다뉴브 연어(후코 후코))','수입','8970','268517','30389','831544','20200229'
'202002','0305440000','I','틸라피아/메기/잉어/뱀장어/나일퍼치 종의 훈제한 것','수입','288','5296','288','5296','20200229'
'202002','0305492000','I','명태(훈제/피레트포함)','수입','2','50','2','50','20200229'
'202002','0305499000','I','어류(연어/ 청어/ 멸치/ 명태이외 기타/훈제/피레트 포함)','수입','59416','517283','103936','882780','20200229'
'202002','0305510000','I','대구(건조/염장불문/훈제제외)','수입','13007','110319','57092','519180','20200229'
'202002','0305530000','I','대구[가두스 모르화(Gadus morhua)ㆍ가두스 오각(Gadus ogac)ㆍ가두스 마크로세팔루스(Gadus macrocephalus)] 이외의 브레그마세로티대(Bregmacerotidae)과ㆍ유','수입','4800','48266','16800','168789','20200229'
'202002','0305541000','I','멸치[엔그라울리스(Engraulis)종]','수입','1658','11463','7488','43045','20200229'
'202002','0305549000','I','기타','수입','1','37','3026','9396','20200229'
'202002','0305593000','I','명태(건조/염장불문/훈제제외)','수입','413135','3927093','941972','9282799','20200229'
'202002','0305599000','I','어류(대구/상어지느러미/멸치/명태/조기등외기타건조/훈제제외)','수입','67239','280012','266632','985716','20200229'
'202002','0305631000','I','멸치젓(염장/염수장)','수입','29','488','47','750','20200229'
'202002','0305639000','I','멸치(멸치젓 이외 기타/염장/ 염수장)','수입','30','464','30','464','20200229'
'202002','0305640000','I','틸라피아/메기/잉어/뱀장어/나일퍼치 종의 건조한 것','수입','20007','62277','20007','62277','20200229'
'202002','0305691000','I','연어(염장/ 염수장)','수입','92','2118','244','5454','20200229'
'202002','0305692000','I','송어(염장/염수장)','수입','0','0','20','437','20200229'
'202002','0305695000','I','고등어(염장/염수장)','수입','1','19','1','19','20200229'
'202002','0305699000','I','어류(청어/대구/연어/송어/갈치/정어리/고등어 등 이외)','수입','0','0','7209','7438','20200229'
'202002','0305729000','I','대구의 것 외 기타(어류의 머리 꼬리 위)','수입','15440','46566','37440','112808','20200229'
'202002','0305790000','I','기타 어류의 머리 꼬리','수입','17496','121402','68526','281626','20200229'
'202002','0306119000','I','닭새우류(팔리누루스종 파누리루스종 자수스종)(냉동한것)(기타)','수입','0','0','4132','85543','20200229'
'202002','0306129000','I','바닷가재(호마루스종)(냉동한 것) 훈제한 것(기타)','수입','19667','872788','156466','3611385','20200229'
'202002','0306141011','I','게살(냉동한 것) 훈제한 것(밀폐용기에 넣은 것)','수입','0','0','998','21930','20200229'
'202002','0306141090','I','게살(냉동한 것) 훈제한 것(기타)','수입','619','29351','619','29351','20200229'
'202002','0306142090','I','왕게(냉동한 것) 기타','수입','6203','239950','19244','335607','20200229'
'202002','0306143090','I','꽃게(냉동한 것) 기타','수입','1376356','5101606','4438139','15634848','20200229'
'202002','0306149090','I','갑각류 기타(냉동한 것)(훈제한것 외 기타)','수입','1056476','6900036','2113038','14313642','20200229'
'202002','0306159000','I','노르웨이 바닷가재(네프로프스 노르베지쿠스)(냉동한 것)(기타)','수입','0','0','270','8370','20200229'
'202002','0306169090','I','냉수성 새우류(판달러스종/크란곤 크란곤)기타(냉동한 것)(훈제한 것)','수입','17730','86241','40046','226979','20200229'
'202002','0306171090','I','기타의 새우류의 새우살(냉동한 것)(훈제한 것 외 기타)','수입','1709953','14938865','4146859','35251708','20200229'
'202002','0306179090','I','기타의 새우류의 기타(냉동한 것)(훈제한 것 외 기타)','수입','1582138','11855916','4228936','31073869','20200229'
'202002','0306199000','I','기타[분ㆍ조분 및 펠리트를 포함(식용에 적합)](냉동한 것)(훈제한 것 외 기타)','수입','28512','218145','64003','528679','20200229'
'202002','0306310000','I','닭새우류[팔리누루스(Palinurus)종ㆍ파누리루스(Panulirus)종ㆍ자수스(Jasus)종]','수입','5','529','5','529','20200229'
'202002','0306320000','I','바닷가재[호마루스(Homarus)종]','수입','201675','4700922','472125','11960530','20200229'
'202002','0306332000','I','대게','수입','451023','9538682','956125','21736452','20200229'
'202002','0306339000','I','게(기타)','수입','1216924','16458718','2446424','40482917','20200229'
'202002','0306360000','I','그 밖의 새우류','수입','1009','64468','1907','378816','20200229'
'202002','0306390000','I','기타[식용에 적합한 것으로서 고운 가루ㆍ거친 가루와 펠릿(pellet)을 포함한다]','수입','53','34570','90','43144','20200229'
'202002','0306932000','I','건조한 것','수입','0','0','4515','69177','20200229'
'202002','0306933000','I','염장이나 염수장한 것','수입','0','0','720','5029','20200229'
'202002','0306934011','I','밀폐용기에 넣은 것(게살)','수입','3','251','3','251','20200229'
'202002','0306951030','I','염장이나 염수장한 것','수입','0','0','5167','16647','20200229'
'202002','0306951040','I','훈제한 것','수입','0','0','0','12','20200229'
'202002','0306959020','I','건조한 것','수입','120400','980137','298610','2291368','20200229'
'202002','0306959030','I','염장이나 염수장한 것','수입','620850','490348','1304188','1154859','20200229'
'202002','0306992000','I','건조한 것','수입','24000','57600','48200','115700','20200229'
'202002','0306993000','I','염장이나 염수장한 것','수입','840','3323','5784','25740','20200229'
'202002','0307210000','I','가리비과의 조개(산것/신선/ 냉장)','수입','267892','848426','605437','1995794','20200229'
'202002','0307220000','I','냉동한 것','수입','67494','340153','181784','932574','20200229'
'202002','0307292000','I','가리비과의조개(건조)','수입','200','25144','220','28366','20200229'
'202002','0307293000','I','가리비과의조개(염장/염수장)','수입','0','0','1','28','20200229'
'202002','0307320000','I','냉동한 것','수입','16200','65205','16211','65683','20200229'
'202002','0307392000','I','홍합(건조)','수입','1004','33429','1504','50947','20200229'
'202002','0307399000','I','홍합(산 것/ 신선/ 냉장/ 냉동/ 건조 이외 기타)','수입','500','17355','801','28480','20200229'
'202002','0307421090','I','기타','수입','3102','31176','5574','56049','20200229'
'202002','0307431010','I','세피아 오피시날리스(Sepia officinalis)ㆍ로시아 마크로소마(Rossia macrosoma)ㆍ세피올라(Sepiola)종','수입','8064','49825','42960','233773','20200229'
'202002','0307431090','I','기타','수입','307152','2042065','710805','4675638','20200229'
'202002','0307432010','I','옴마스트레페스(Ommastrephes)종ㆍ로리고(Loligo)종ㆍ노토토다루스(Nototodarus)종ㆍ세피오투디스(Sepioteuthis)종','수입','243309','832864','713445','3043241','20200229'
'202002','0307432090','I','기타','수입','3565780','10552870','13286585','41226421','20200229'
'202002','0307493010','I','갑오징어[세피아 오피시날리스(Sepia officinalis)ㆍ로시아 마크로소마(Rossia macrosoma)ㆍ세피올라(Sepiola)종]와 오징어[옴마스트레페스(Ommastrephes)종ㆍ로','수입','34440','1193613','135160','4566242','20200229'
'202002','0307493090','I','기타','수입','19425','196278','37850','530394','20200229'
'202002','0307511000','I','낙지(산것/신선/ 냉장)','수입','234165','4763356','696857','10712552','20200229'
'202002','0307512000','I','주꾸미(산것/신선/ 냉장)','수입','74966','403278','98883','560022','20200229'
'202002','0307519000','I','기타문어(산것/신선/ 냉장)','수입','1970','18143','1970','18143','20200229'
'202002','0307521000','I','문어','수입','294864','2237815','655543','4704885','20200229'
'202002','0307522000','I','낙지','수입','1232328','8285567','3128131','21425543','20200229'
'202002','0307523000','I','쭈꾸미','수입','1228132','7303616','3442733','19917388','20200229'
'202002','0307529000','I','기타','수입','11','83','11','83','20200229'
'202002','0307599000','I','문어(산것/ 신선/ 냉장/ 냉동/ 건조 이외 기타)','수입','18354','145358','61994','430215','20200229'
'202002','0307711090','I','백합 기타(산 것 신선 또는 냉장한 것)','수입','703222','757581','1854347','2009611','20200229'
'202002','0307712010','I','피조개 종패용(산 것  신선 또는 냉장한 것)','수입','0','0','145000','594380','20200229'
'202002','0307713000','I','새조개(산 것/신선 또는 냉장한 것)','수입','0','0','675','2714','20200229'
'202002','0307714000','I','바지락(산 것 신선 또는 냉장한 것)','수입','1967620','2250687','4327970','4557960','20200229'
'202002','0307715000','I','개조개','수입','57250','119759','231816','435771','20200229'
'202002','0307719000','I','클램/ 새조개 및 피조개 기타(산 것 / 신선 또는 냉장한 것)','수입','90796','261365','477026','1004893','20200229'
'202002','0307723000','I','바지락','수입','94999','131198','339378','506966','20200229'
'202002','0307724000','I','피조개','수입','0','0','100','420','20200229'
'202002','0307725000','I','개조개','수입','71251','143496','238698','565602','20200229'
'202002','0307729000','I','기타','수입','105452','237082','269033','764343','20200229'
'202002','0307810000','I','전복(산 것 신선 또는 냉장한 것)','수입','0','0','10','116','20200229'
'202002','0307830000','I','냉동한 전복[할리오티스(Haliotis)종]','수입','20','145','20','145','20200229'
'202002','0307871000','I','건조한 것','수입','1','12','1','12','20200229'
'202002','0307913000','I','개아지살(산 것 신선 또는 냉장한 것)','수입','0','0','136','7337','20200229'
'202002','0307914000','I','재첩(산 것 신선 또는 냉장한 것)','수입','43800','17844','278100','111228','20200229'
'202002','0307919000','I','기타[분 조분 펠리트 포함(식용 적합)]의 기타(산/신선/냉장)','수입','27184','86768','70226','223028','20200229'
'202002','0307921000','I','개아지살','수입','27135','446622','158149','2166352','20200229'
'202002','0307929000','I','기타','수입','18990','118567','41310','241101','20200229'
'202002','0307992900','I','기타[분 조분 펠리트를 포함(식용에 적합한)]의 기타(건조)','수입','1022','46459','1025','46519','20200229'
'202002','0307994120','I','골뱅이 (훈제한 것)(밀폐용기에 넣지 아니한 것)','수입','1','50','1','50','20200229'
'202002','0308110000','I','해삼(산 것 신선 또는 냉장한 것)','수입','744','6093','1017','9595','20200229'
'202002','0308120000','I','냉동한 것','수입','22000','39600','22000','39600','20200229'
'202002','0308192000','I','해삼(건조한 것)','수입','358','18947','4561','311336','20200229'
'202002','0308210000','I','성게(산 것 신선 또는 냉장한 것)','수입','6371','671070','10306','1101188','20200229'
'202002','0308220000','I','냉동한 것','수입','3591','77669','11181','251362','20200229'
'202002','0308301000','I','해파리(산 것 신선 또는 냉장한 것)','수입','1','247','1','247','20200229'
'202002','0308304000','I','해파리(염장 또는 염수장한 것)','수입','83190','280232','371840','1185014','20200229'
'202002','0308901019','I','우렁쉥이(기타)(산 것 신선 또는 냉장한 것)','수입','23432','45799','533245','1119449','20200229'
'202002','0308901090','I','수생무척추동물의 기타(산 것)','수입','8068','153964','18151','331598','20200229'
'202002','0508001000','I','산호(coral)','수입','1478','45198','2013','62546','20200229'
'202002','0508002010','I','진주패각','수입','0','0','1132','8882','20200229'
'202002','0508002020','I','청패각(전복)','수입','20','162','20','162','20200229'
'202002','0508002030','I','첩패각과 지첩패각','수입','156846','101532','364413','222591','20200229'
'202002','0508002040','I','야광패각(소라)','수입','38550','100567','62250','155077','20200229'
'202002','0508002090','I','기타패각','수입','867496','170610','1488507','321964','20200229'
'202002','0508009000','I','연체동물/갑각류/극피동물','수입','18001','3261','40128','10146','20200229'
'202002','0511911010','I','부화용알(브라인슈림프알)','수입','5610','494092','9680','822012','20200229'
'202002','0511911090','I','부화용알(브라인슈림프 알 이','수입','43','16121','45','17487','20200229'
'202002','0511912000','I','어류의웨이스트','수입','107016','221939','231017','434518','20200229'
'202002','0511919000','I','어류/갑각류/연체동물/수행동','수입','5554','23173','26990','103357','20200229'
'202002','0511996000','I','동물성의해면','수입','76','14547','183','42790','20200229'
'202002','1212211010','I','김(건조한 것)(식용의 것)','수입','836','14562','1956','77546','20200229'
'202002','1212211090','I','김(기타)(식용의 것)','수입','3','112','4','161','20200229'
'202002','1212212010','I','미역(건조한 것)(식용의 것)','수입','23925','60858','61475','266168','20200229'
'202002','1212212020','I','미역(염장한 것)(식용의 것)','수입','110041','127590','279426','317111','20200229'
'202002','1212212090','I','미역(기타)(식용의 것)','수입','1','57','1','57','20200229'
'202002','1212213010','I','톳(건조한 것)(식용의 것)','수입','0','0','15750','39897','20200229'
'202002','1212213090','I','톳(기타)(식용의 것)','수입','1','17','1','17','20200229'
'202002','1212215090','I','다시마(기타)(식용의 것)','수입','0','12','0','29','20200229'
'202002','1212217019','I','기타','수입','43804','136816','43805','136843','20200229'
'202002','1212218029','I','진두발(기타)(식용의 것)','수입','23446','41456','47568','84448','20200229'
'202002','1212218031','I','말(냉동)(식용의 것)','수입','180','1627','180','1627','20200229'
'202002','1212219019','I','코토니 및 스피노잠(기타)(식용의 것)','수입','908311','1043259','2334012','2489254','20200229'
'202002','1212219099','I','해초류와 기타조류 기타(기타)(식용의 것)','수입','307','7712','330114','231039','20200229'
'202002','1212291090','I','김(기타)','수입','1','21','5','152','20200229'
'202002','1212295090','I','다시마(기타)','수입','1','26','7761','20330','20200229'
'202002','1212298039','I','말(기타)','수입','3000','4950','3000','4950','20200229'
'202002','1212299091','I','해초류와 기타조류 기타(냉동','수입','1','17','1','17','20200229'
'202002','1212299099','I','해초류와 기타조류 기타(기타)','수입','93','2289','6917','7317','20200229'
'202002','1302311000','I','실한천','수입','0','0','7000','108640','20200229'
'202002','1302312000','I','분한천','수입','21101','262074','144659','1709078','20200229'
'202002','1302319000','I','한천(실한천/분한천 이외 기타)','수입','103','3342','113','7511','20200229'
'202002','1504101000','I','상어의 간유(肝油)와 그 분획물','수입','2','21','2','39','20200229'
'202002','1504109000','I','어류의간유/분획물(상어의간유','수입','1085','74342','1095','74893','20200229'
'202002','1504200000','I','어류의 지방과 기름 및 그 분획물[간유(肝油)는 제외한다]','수입','1143454','1793765','1379469','2528713','20200229'
'202002','1504309000','I','기타해서포유동물의 유지와 그','수입','24','200','26','242','20200229'
'202002','1521901000','I','경납(동물성 납)','수입','20','708','20','708','20200229'
'202002','1603003000','I','어류의액스','수입','342809','260325','556528','389555','20200229'
'202002','1603004000','I','어류의즙','수입','516963','352938','827212','600390','20200229'
'202002','1603009000','I','갑각류/연체동물/수생동물의','수입','39','14904','69139','242045','20200229'
'202002','1604111000','I','연어(조제/밀폐용기에 넣은 것)','수입','19','435','33','716','20200229'
'202002','1604119000','I','연어(조제/밀페용기에 넣은 것 이외 기타)','수입','6290','113409','12009','192873','20200229'
'202002','1604121000','I','청어(밀폐용기에넣은것)','수입','2590','8813','2765','9552','20200229'
'202002','1604129000','I','청어(통조림외조제품)','수입','3','33','123','2999','20200229'
'202002','1604131000','I','정어리(밀폐용기에넣은것)','수입','13767','23648','18488','39753','20200229'
'202002','1604139000','I','정어리(통조림외조제품)','수입','44','882','2405','5231','20200229'
'202002','1604141011','I','다랭이(기름담금)','수입','1463','9071','19056','68118','20200229'
'202002','1604141012','I','다랭이(보일드)','수입','10','238','16','384','20200229'
'202002','1604141019','I','다랭이류(다랭이/ 가다랭이 이외 기타/조제/밀폐용기에 넣은 것)','수입','87','1463','15792','182316','20200229'
'202002','1604141021','I','다랭이류(조제/밀폐용기에 넣은 것 이외 기타)','수입','11','38','36671','116178','20200229'
'202002','1604141029','I','가다랭이(기타)','수입','2','116','2','158','20200229'
'202002','1604141039','I','버니토우(기타)','수입','29','1476','31','1547','20200229'
'202002','1604149000','I','다랭이류(조제/밀폐용기에 넣은 것 이외 기타)','수입','13145','96138','19438','135983','20200229'
'202002','1604151000','I','고등어(조제/밀폐용기에 넣은 것)','수입','29302','89387','83045','375560','20200229'
'202002','1604159000','I','고등어(조제/밀폐용기에 넣은 것 이외 기타)','수입','3628','11640','6820','39697','20200229'
'202002','1604161000','I','멸치(조제/밀폐용기에 넣은 것)','수입','3829','53147','7870','120458','20200229'
'202002','1604169000','I','전갱이(조제/밀폐용기에 넣은 것 이외 기타)','수입','15','258','1005','8453','20200229'
'202002','1604179000','I','뱀장어(조제 또는 저장처리)','수입','54485','1157878','112989','2383599','20200229'
'202002','1604189000','I','기타','수입','1381','68779','3330','189173','20200229'
'202002','1604191010','I','꽁치(통조림외조제품)','수입','1','31','1','31','20200229'
'202002','1604191020','I','전갱이(밀폐용기에넣은것)','수입','600','9046','600','9046','20200229'
'202002','1604191090','I','어류조제품(연어/청어/정어리/고등어 등 밀폐용기에넣은것)','수입','92','1730','181','3299','20200229'
'202002','1604199010','I','쥐치포(조제/밀페용기 이외 기타)','수입','470843','4214277','1003631','8771803','20200229'
'202002','1604199090','I','어류조제품(연어/청어/고등어/기타/조제/밀폐용기에 넣은 것)','수입','445834','2127370','1448473','7702224','20200229'
'202002','1604201000','I','생선페이스트','수입','110','962','120','1096','20200229'
'202002','1604202000','I','생선마리네이드','수입','0','0','150','2629','20200229'
'202002','1604203000','I','생선소시지','수입','0','10','1','35','20200229'
'202002','1604204010','I','생선묵(게맛)','수입','72210','191660','166655','498469','20200229'
'202002','1604204090','I','생선묵(게맛의 것 이외 기타)','수입','127090','541868','372076','1534719','20200229'
'202002','1604209000','I','어류조제/저장제품(생선 페이스트/마리네이드/소시지/생선묵)','수입','242328','1029038','651726','2506164','20200229'
'202002','1604310000','I','캐비아','수입','72','50879','126','91863','20200229'
'202002','1604320000','I','캐비아 대용물','수입','169633','1824151','318287','3117002','20200229'
'202002','1605101010','I','게살(밀폐용기에넣은것)','수입','551','52306','1138','105931','20200229'
'202002','1605101091','I','붉은 대게살(밀폐용기에 넣은 것/ 훈제한 것 이외 기타)','수입','0','0','15414','302882','20200229'
'202002','1605101099','I','기타 게살(밀폐용기에 넣은 것/ 훈제한 것 이외 기타)','수입','2668','130425','4419','236873','20200229'
'202002','1605109000','I','게 조제품(게살 이외 기타)','수입','4052','43178','8809','79293','20200229'
'202002','1605211000','I','새우류(조제 또는 저장처리)(밀폐용기에 넣지 아니한 것)(브레드한 것)','수입','672483','4574844','1831842','12173575','20200229'
'202002','1605219000','I','새우류(조제 또는 저장처리)(밀폐용기에 넣지 아니한 것)(기타)','수입','568379','5943434','1071681','10835947','20200229'
'202002','1605290000','I','새우류(조제 또는 저장처리)','수입','12028','83147','25909','216457','20200229'
'202002','1605301000','I','바다가재(밀폐용기에넣은것)','수입','231','18628','231','18628','20200229'
'202002','1605309000','I','바다가재(통조림외)','수입','66','1682','131','4488','20200229'
'202002','1605401000','I','기타갑각류(밀폐용기에넣은것)','수입','1','25','1','25','20200229'
'202002','1605409000','I','갑각류 조제품(게/새우/바다가재기타/밀폐용기에넣은것이외기타)','수입','0','0','140','840','20200229'
'202002','1605511000','I','굴(조제 또는 저장처리)(밀폐용기에 넣은 것)','수입','16','395','45','895','20200229'
'202002','1605519000','I','굴(조제 또는 저장처리)(기타)','수입','24700','59892','32700','83988','20200229'
'202002','1605529000','I','가리비과의 조개(조제 또는 저장처리)(기타)','수입','58428','210581','232198','1286582','20200229'
'202002','1605531000','I','홍합(조제 또는 저장처리)(밀폐용기에 넣은 것)','수입','0','0','20501','58124','20200229'
'202002','1605539000','I','홍합(조제 또는 저장처리)(기타)','수입','192500','730879','540516','2567003','20200229'
'202002','1605541010','I','갑오징어와 오징어(조제 또는 저장처리)(밀폐용기에 넣은 것)','수입','0','0','0','9','20200229'
'202002','1605541090','I','갑오징어와 오징어(조제 또는 저장처리)(기타)','수입','0','0','15565','39032','20200229'
'202002','1605542010','I','오징어(조제 또는 저장처리)(밀폐용기에 넣은 것)','수입','140','4482','140','4528','20200229'
'202002','1605542091','I','조미오징어(조제 또는 저장처리)(밀폐용기에 넣은 것)','수입','522363','1878502','1156549','4076004','20200229'
'202002','1605542099','I','오징어 기타(조제 또는 저장처리)','수입','1206649','4802563','3623527','15632286','20200229'
'202002','1605551000','I','문어(조제 또는 저장처리)(밀폐용기에 넣은 것)','수입','8','890','8','890','20200229'
'202002','1605559000','I','문어(조제 또는 저장처리)(기타)','수입','364410','2524536','951117','6366386','20200229'
'202002','1605561010','I','바지락(조제 또는 저장처리)(밀폐용기에 넣은 것)','수입','0','0','1','3','20200229'
'202002','1605561090','I','바지락(조제 또는 저장처리)(기타)','수입','167560','432306','602851','1479481','20200229'
'202002','1605562090','I','새조개(조제 또는 저장처리)(기타)','수입','0','0','8257','163658','20200229'
'202002','1605569010','I','클램/ 새조개 및 피조개 기타(조제 또는 저장처리)(밀폐용기에 넣은 것)','수입','2','125','2','125','20200229'
'202002','1605569090','I','클램/ 새조개 및 피조개 기타(조제 또는 저장처리)(기타)','수입','9000','21838','28334','102881','20200229'
'202002','1605571000','I','전복(밀폐용기에넣은것)','수입','0','0','359','32558','20200229'
'202002','1605579000','I','전복(조제 또는 저장처리) 기타','수입','80775','1697412','142392','3042516','20200229'
'202002','1605581000','I','달팽이(조제 또는 저장처리)(밀폐용기에 넣은 것)','수입','192','4014','9792','38069','20200229'
'202002','1605589000','I','달팽이(조제 또는 저장처리)(기타)','수입','0','13','17979','51111','20200229'
'202002','1605591090','I','골뱅이(조제 또는 저장처리)(기타)','수입','646864','7385331','1062189','12139894','20200229'
'202002','1605592090','I','소라(조제 또는 저장처리)기타','수입','40955','317677','189983','872347','20200229'
'202002','1605599090','I','연체동물 기타(조제 또는 저장처리)(기타)','수입','447654','2314849','1145716','5755137','20200229'
'202002','1605611000','I','해삼(조제 또는 저장처리)(밀폐용기에 넣은 것)','수입','0','0','2','51','20200229'
'202002','1605619000','I','해삼(조제 또는 저장처리)기타','수입','8727','771992','19777','1657906','20200229'
'202002','1605629000','I','성게(조제 또는 저장처리)(기타)','수입','0','15','22','1823','20200229'
'202002','1605639000','I','해파리(조제 또는 저장처리)(기타)','수입','3900','53660','5820','77551','20200229'
'202002','1605699000','I','기타 수생무척추동물의 기타(조제 또는 저장처리)(기타)','수입','1325','17073','2536','30847','20200229'
'202002','2008995010','I','김','수입','7796','169049','7956','180508','20200229'
'202002','2008995090','I','기타 김','수입','827','10869','847','13712','20200229'
'202002','2104102000','I','어류의 수우프/ 브로드와 수우프 브로드 제조용 조제품','수입','7','70','139','1539','20200229'
'202002','2301201000','I','어류의 분.조분 및 펠리트','수입','4722708','6833354','8872479','13128968','20200229'
'202002','2301209000','I','어류외기타 분.조분 및 펠리트','수입','149402','187527','242232','327818','20200229'
'202002','2501001010','I','암염(岩鹽)','수입','48546','40924','298468','124238','20200229'
'202002','2501001020','I','천일염','수입','260833055','9916409','713134009','28020616','20200229'
'202002','2501009010','I','식염','수입','4145539','370942','32018085','2290263','20200229'
'202002','2501009020','I','순염화나트륨','수입','1208652','471001','2226856','924178','20200229'
'202002','2501009090','I','기타소금/해수','수입','2529708','334210','8302811','969597','20200229'
'202002','4202311040','I','장어류의 가죽으로 만든 것','수입','0','0','1','498','20200229'
'202002','4203301040','I','장어류의 가죽으로 만든 것','수입','9','1233','9','1233','20200229'
'202002','7101102000','I','가공한 것','수입','1','460','1','460','20200229'
'202002','7101210000','I','양식진주(가공하지않은것)','수입','2','2645','2','2645','20200229'
'202002','7101220000','I','양식진주(가공한것)','수입','6','34405','52','250522','20200229'
'202002','7116101000','I','천연진주로만든 것','수입','4','12949','6','13686','20200229'
'202002','7116102000','I','양식진주로 만든 것','수입','13','13954','143','80373','20200229'
'202002','9601901090','I','패각(기타)','수입','222','21128','14968','84971','20200229'
'202002','9606291000','I','조개껍질로 만든것','수입','60','3186','407','24251','20200229'
